


[{"content":" Lorem ipsum dolor sit amet # Lorem ipsum dolor sit amet, consectetur adipiscing elit. Aenean in eleifend justo, vestibulum congue lacus. Quisque est libero, lacinia sed placerat ac, interdum id urna. Nulla venenatis volutpat libero, in laoreet leo fringilla eget. Etiam consequat sed nisi sit amet interdum. Pellentesque ullamcorper at turpis in ultrices. Pellentesque et elit mauris. Aenean eu augue sit amet nunc interdum ultricies. Aenean eleifend consectetur sapien vitae consectetur. Donec risus mauris, finibus at condimentum at, lacinia sit amet neque. Nulla facilisi. Suspendisse sollicitudin dolor quis eros tempor, a tempus ex varius.\nNunc non leo non magna # Nunc non leo non magna ornare condimentum. Phasellus consequat nunc ut tellus porttitor bibendum. In pharetra ullamcorper metus quis mollis. Mauris bibendum, est in commodo hendrerit, dolor purus hendrerit dolor, at pharetra sapien erat sit amet ante. Etiam aliquet euismod libero, vel tincidunt felis mollis at. Sed scelerisque, tortor in convallis auctor, elit quam consectetur lacus, quis posuere risus libero non sem. Mauris sagittis nisi id aliquam lacinia. Vivamus finibus velit sed condimentum aliquet. Nullam in ante a erat lacinia semper. Curabitur pretium justo at leo maximus, quis dignissim nulla posuere. Donec eget consectetur neque, et mattis dui. Vivamus at mi enim. Nullam et nisi est. Nullam eget eros blandit, convallis odio eget, ornare enim.\nQuisque ultricies # Quisque ultricies tincidunt sem nec tincidunt. Aenean nibh diam, dapibus varius ornare nec, suscipit ut arcu. Integer ut elit sollicitudin, fermentum ipsum nec, tempus eros. Donec hendrerit facilisis maximus. Pellentesque eu mi ipsum. Vivamus diam tellus, varius sed dolor at, finibus tempus lorem. Morbi sed mauris quis enim vehicula hendrerit. Sed et sollicitudin est. Maecenas scelerisque ligula ac purus gravida, et feugiat nibh blandit. Integer id quam ac arcu convallis interdum eget sed libero. Aliquam varius est quis efficitur efficitur. Cras id turpis magna. Aenean cursus, libero auctor ullamcorper vestibulum, nisl risus consectetur nisi, ut molestie enim libero sed ipsum.\nEtiam sollicitudin # Etiam sollicitudin, ante ac fermentum varius, lorem ante congue mi, auctor dictum magna sem sed nibh. In et est id neque gravida aliquet quis a felis. Mauris tempor lectus ut gravida ornare. Curabitur at elementum tortor, in feugiat elit. Aenean auctor diam ut egestas rhoncus. Quisque tristique venenatis risus vitae suscipit. Nunc feugiat purus sed dolor gravida, non ullamcorper metus suscipit. Sed et tortor odio. Pellentesque at scelerisque nulla. In ut aliquam metus. Vivamus congue augue at pellentesque rhoncus. Donec a lectus tincidunt, aliquet libero sit amet, commodo arcu. Vivamus hendrerit quis augue eu lacinia. Sed sodales velit condimentum eros varius vulputate.\nProin tempor lorem # Proin tempor lorem quam, ac maximus lectus sodales et. Sed laoreet orci vel metus luctus lobortis. Nam ex velit, vehicula id tristique sed, blandit eu nisi. Quisque semper libero nec massa malesuada congue. In faucibus lorem at diam fringilla, vel viverra magna lobortis. Ut commodo est urna, ut aliquet enim sagittis ut. Nulla posuere arcu sed lobortis accumsan. Phasellus fringilla dolor id est lobortis feugiat. Quisque enim elit, faucibus a mauris non, mattis aliquet orci. Nunc sagittis viverra erat, id condimentum lacus suscipit quis.\n","date":"4 September 2022","externalUrl":null,"permalink":"/pt-pt/posts/post-lite-three/","section":"Posts","summary":"Lorem ipsum dolor sit amet, consectetur adipiscing elit. Aenean in eleifend justo, vestibulum congue lacus. Quisque est libero, lacinia sed placerat ac, interdum id urna.","title":"Artigo super interessante que eu escrevi","type":"posts"},{"content":" Lorem ipsum dolor sit amet # Lorem ipsum dolor sit amet, consectetur adipiscing elit. Aenean in eleifend justo, vestibulum congue lacus. Quisque est libero, lacinia sed placerat ac, interdum id urna. Nulla venenatis volutpat libero, in laoreet leo fringilla eget. Etiam consequat sed nisi sit amet interdum. Pellentesque ullamcorper at turpis in ultrices. Pellentesque et elit mauris. Aenean eu augue sit amet nunc interdum ultricies. Aenean eleifend consectetur sapien vitae consectetur. Donec risus mauris, finibus at condimentum at, lacinia sit amet neque. Nulla facilisi. Suspendisse sollicitudin dolor quis eros tempor, a tempus ex varius.\nNunc non leo non magna # Nunc non leo non magna ornare condimentum. Phasellus consequat nunc ut tellus porttitor bibendum. In pharetra ullamcorper metus quis mollis. Mauris bibendum, est in commodo hendrerit, dolor purus hendrerit dolor, at pharetra sapien erat sit amet ante. Etiam aliquet euismod libero, vel tincidunt felis mollis at. Sed scelerisque, tortor in convallis auctor, elit quam consectetur lacus, quis posuere risus libero non sem. Mauris sagittis nisi id aliquam lacinia. Vivamus finibus velit sed condimentum aliquet. Nullam in ante a erat lacinia semper. Curabitur pretium justo at leo maximus, quis dignissim nulla posuere. Donec eget consectetur neque, et mattis dui. Vivamus at mi enim. Nullam et nisi est. Nullam eget eros blandit, convallis odio eget, ornare enim.\nQuisque ultricies # Quisque ultricies tincidunt sem nec tincidunt. Aenean nibh diam, dapibus varius ornare nec, suscipit ut arcu. Integer ut elit sollicitudin, fermentum ipsum nec, tempus eros. Donec hendrerit facilisis maximus. Pellentesque eu mi ipsum. Vivamus diam tellus, varius sed dolor at, finibus tempus lorem. Morbi sed mauris quis enim vehicula hendrerit. Sed et sollicitudin est. Maecenas scelerisque ligula ac purus gravida, et feugiat nibh blandit. Integer id quam ac arcu convallis interdum eget sed libero. Aliquam varius est quis efficitur efficitur. Cras id turpis magna. Aenean cursus, libero auctor ullamcorper vestibulum, nisl risus consectetur nisi, ut molestie enim libero sed ipsum.\nEtiam sollicitudin # Etiam sollicitudin, ante ac fermentum varius, lorem ante congue mi, auctor dictum magna sem sed nibh. In et est id neque gravida aliquet quis a felis. Mauris tempor lectus ut gravida ornare. Curabitur at elementum tortor, in feugiat elit. Aenean auctor diam ut egestas rhoncus. Quisque tristique venenatis risus vitae suscipit. Nunc feugiat purus sed dolor gravida, non ullamcorper metus suscipit. Sed et tortor odio. Pellentesque at scelerisque nulla. In ut aliquam metus. Vivamus congue augue at pellentesque rhoncus. Donec a lectus tincidunt, aliquet libero sit amet, commodo arcu. Vivamus hendrerit quis augue eu lacinia. Sed sodales velit condimentum eros varius vulputate.\nProin tempor lorem # Proin tempor lorem quam, ac maximus lectus sodales et. Sed laoreet orci vel metus luctus lobortis. Nam ex velit, vehicula id tristique sed, blandit eu nisi. Quisque semper libero nec massa malesuada congue. In faucibus lorem at diam fringilla, vel viverra magna lobortis. Ut commodo est urna, ut aliquet enim sagittis ut. Nulla posuere arcu sed lobortis accumsan. Phasellus fringilla dolor id est lobortis feugiat. Quisque enim elit, faucibus a mauris non, mattis aliquet orci. Nunc sagittis viverra erat, id condimentum lacus suscipit quis.\n","date":"4 September 2022","externalUrl":null,"permalink":"/pt-pt/posts/post-lite-two/","section":"Posts","summary":"Lorem ipsum dolor sit amet, consectetur adipiscing elit. Aenean in eleifend justo, vestibulum congue lacus. Quisque est libero, lacinia sed placerat ac, interdum id urna.","title":"Artigo super interessante que eu escrevi","type":"posts"},{"content":"","date":"4 September 2022","externalUrl":null,"permalink":"/categories/blog/","section":"Categories","summary":"","title":"Blog","type":"categories"},{"content":"","date":"4 September 2022","externalUrl":null,"permalink":"/categories/","section":"Categories","summary":"","title":"Categories","type":"categories"},{"content":"","date":"4 September 2022","externalUrl":null,"permalink":"/","section":"comfylang","summary":"","title":"comfylang","type":"page"},{"content":"","date":"4 September 2022","externalUrl":null,"permalink":"/tags/ipsum/","section":"Tags","summary":"","title":"Ipsum","type":"tags"},{"content":"","date":"4 September 2022","externalUrl":null,"permalink":"/tags/lorem/","section":"Tags","summary":"","title":"Lorem","type":"tags"},{"content":"","date":"4 September 2022","externalUrl":null,"permalink":"/categories/post/","section":"Categories","summary":"","title":"Post","type":"categories"},{"content":"","date":"4 September 2022","externalUrl":null,"permalink":"/tags/post/","section":"Tags","summary":"","title":"Post","type":"tags"},{"content":"","date":"4 September 2022","externalUrl":null,"permalink":"/posts/","section":"Posts","summary":"","title":"Posts","type":"posts"},{"content":"","date":"4 September 2022","externalUrl":null,"permalink":"/tags/","section":"Tags","summary":"","title":"Tags","type":"tags"},{"content":" Bau bau :3 # ","date":"4 September 2022","externalUrl":null,"permalink":"/posts/post-lite-one/","section":"Posts","summary":"bau bau","title":"Welcome to comfylang","type":"posts"},{"content":" Lorem ipsum dolor sit amet # Lorem ipsum dolor sit amet, consectetur adipiscing elit. Aenean in eleifend justo, vestibulum congue lacus. Quisque est libero, lacinia sed placerat ac, interdum id urna. Nulla venenatis volutpat libero, in laoreet leo fringilla eget. Etiam consequat sed nisi sit amet interdum. Pellentesque ullamcorper at turpis in ultrices. Pellentesque et elit mauris. Aenean eu augue sit amet nunc interdum ultricies. Aenean eleifend consectetur sapien vitae consectetur. Donec risus mauris, finibus at condimentum at, lacinia sit amet neque. Nulla facilisi. Suspendisse sollicitudin dolor quis eros tempor, a tempus ex varius.\nNunc non leo non magna # Nunc non leo non magna ornare condimentum. Phasellus consequat nunc ut tellus porttitor bibendum. In pharetra ullamcorper metus quis mollis. Mauris bibendum, est in commodo hendrerit, dolor purus hendrerit dolor, at pharetra sapien erat sit amet ante. Etiam aliquet euismod libero, vel tincidunt felis mollis at. Sed scelerisque, tortor in convallis auctor, elit quam consectetur lacus, quis posuere risus libero non sem. Mauris sagittis nisi id aliquam lacinia. Vivamus finibus velit sed condimentum aliquet. Nullam in ante a erat lacinia semper. Curabitur pretium justo at leo maximus, quis dignissim nulla posuere. Donec eget consectetur neque, et mattis dui. Vivamus at mi enim. Nullam et nisi est. Nullam eget eros blandit, convallis odio eget, ornare enim.\nQuisque ultricies # Quisque ultricies tincidunt sem nec tincidunt. Aenean nibh diam, dapibus varius ornare nec, suscipit ut arcu. Integer ut elit sollicitudin, fermentum ipsum nec, tempus eros. Donec hendrerit facilisis maximus. Pellentesque eu mi ipsum. Vivamus diam tellus, varius sed dolor at, finibus tempus lorem. Morbi sed mauris quis enim vehicula hendrerit. Sed et sollicitudin est. Maecenas scelerisque ligula ac purus gravida, et feugiat nibh blandit. Integer id quam ac arcu convallis interdum eget sed libero. Aliquam varius est quis efficitur efficitur. Cras id turpis magna. Aenean cursus, libero auctor ullamcorper vestibulum, nisl risus consectetur nisi, ut molestie enim libero sed ipsum.\nEtiam sollicitudin # Etiam sollicitudin, ante ac fermentum varius, lorem ante congue mi, auctor dictum magna sem sed nibh. In et est id neque gravida aliquet quis a felis. Mauris tempor lectus ut gravida ornare. Curabitur at elementum tortor, in feugiat elit. Aenean auctor diam ut egestas rhoncus. Quisque tristique venenatis risus vitae suscipit. Nunc feugiat purus sed dolor gravida, non ullamcorper metus suscipit. Sed et tortor odio. Pellentesque at scelerisque nulla. In ut aliquam metus. Vivamus congue augue at pellentesque rhoncus. Donec a lectus tincidunt, aliquet libero sit amet, commodo arcu. Vivamus hendrerit quis augue eu lacinia. Sed sodales velit condimentum eros varius vulputate.\nProin tempor lorem # Proin tempor lorem quam, ac maximus lectus sodales et. Sed laoreet orci vel metus luctus lobortis. Nam ex velit, vehicula id tristique sed, blandit eu nisi. Quisque semper libero nec massa malesuada congue. In faucibus lorem at diam fringilla, vel viverra magna lobortis. Ut commodo est urna, ut aliquet enim sagittis ut. Nulla posuere arcu sed lobortis accumsan. Phasellus fringilla dolor id est lobortis feugiat. Quisque enim elit, faucibus a mauris non, mattis aliquet orci. Nunc sagittis viverra erat, id condimentum lacus suscipit quis.\n","date":"4 September 2021","externalUrl":null,"permalink":"/pt-pt/posts/post-lite-four/","section":"Posts","summary":"Lorem ipsum dolor sit amet, consectetur adipiscing elit. Aenean in eleifend justo, vestibulum congue lacus. Quisque est libero, lacinia sed placerat ac, interdum id urna.","title":"Artigo super interessante que eu escrevi","type":"posts"},{"content":"","externalUrl":null,"permalink":"/authors/","section":"Authors","summary":"","title":"Authors","type":"authors"},{"content":"","externalUrl":null,"permalink":"/series/","section":"Series","summary":"","title":"Series","type":"series"}]