<?xml version="1.0" encoding="utf-8" standalone="yes"?>
<rss version="2.0" xmlns:atom="http://www.w3.org/2005/Atom">
  <channel>
    <title>Categories on comfylang</title>
    <link>/categories/</link>
    <description>Recent content in Categories on comfylang</description>
    <generator>Hugo -- gohugo.io</generator>
    <language>en</language>
    <copyright>© 2025 comfylang</copyright>
    <lastBuildDate>Sun, 04 Sep 2022 00:00:00 +0000</lastBuildDate><atom:link href="/categories/index.xml" rel="self" type="application/rss+xml" />
    
    <item>
      <title>Blog</title>
      <link>/categories/blog/</link>
      <pubDate>Sun, 04 Sep 2022 00:00:00 +0000</pubDate>
      
      <guid>/categories/blog/</guid>
      <description></description>
      
    </item>
    
    <item>
      <title>Post</title>
      <link>/categories/post/</link>
      <pubDate>Sun, 04 Sep 2022 00:00:00 +0000</pubDate>
      
      <guid>/categories/post/</guid>
      <description></description>
      
    </item>
    
  </channel>
</rss>
