<?xml version="1.0" encoding="utf-8" standalone="yes"?>
<rss version="2.0" xmlns:atom="http://www.w3.org/2005/Atom">
  <channel>
    <title>Tags on comfylang</title>
    <link>/tags/</link>
    <description>Recent content in Tags on comfylang</description>
    <generator>Hugo -- gohugo.io</generator>
    <language>en</language>
    <copyright>© 2025 comfylang</copyright>
    <lastBuildDate>Sun, 04 Sep 2022 00:00:00 +0000</lastBuildDate><atom:link href="/tags/index.xml" rel="self" type="application/rss+xml" />
    
    <item>
      <title>Ipsum</title>
      <link>/tags/ipsum/</link>
      <pubDate>Sun, 04 Sep 2022 00:00:00 +0000</pubDate>
      
      <guid>/tags/ipsum/</guid>
      <description></description>
      
    </item>
    
    <item>
      <title>Lorem</title>
      <link>/tags/lorem/</link>
      <pubDate>Sun, 04 Sep 2022 00:00:00 +0000</pubDate>
      
      <guid>/tags/lorem/</guid>
      <description></description>
      
    </item>
    
    <item>
      <title>Post</title>
      <link>/tags/post/</link>
      <pubDate>Sun, 04 Sep 2022 00:00:00 +0000</pubDate>
      
      <guid>/tags/post/</guid>
      <description></description>
      
    </item>
    
  </channel>
</rss>
