<?xml version="1.0" encoding="utf-8" standalone="yes"?>
<rss version="2.0" xmlns:atom="http://www.w3.org/2005/Atom">
  <channel>
    <title>Authors on Gray Blowfish</title>
    <link>/pt-pt/authors/</link>
    <description>Recent content in Authors on Gray Blowfish</description>
    <generator>Hugo -- gohugo.io</generator>
    <language>pt-PT</language>
    <copyright>© 2025 Gray Blowfish</copyright>
    <atom:link href="/pt-pt/authors/index.xml" rel="self" type="application/rss+xml" />
    
  </channel>
</rss>
