<?xml version="1.0" encoding="utf-8" standalone="yes"?>
<rss version="2.0" xmlns:atom="http://www.w3.org/2005/Atom">
  <channel>
    <title>Posts on comfylang</title>
    <link>/posts/</link>
    <description>Recent content in Posts on comfylang</description>
    <generator>Hugo -- gohugo.io</generator>
    <language>en</language>
    <copyright>© 2025 comfylang</copyright>
    <lastBuildDate>Sun, 04 Sep 2022 00:00:00 +0000</lastBuildDate><atom:link href="/posts/index.xml" rel="self" type="application/rss+xml" />
    
    <item>
      <title>Welcome to comfylang</title>
      <link>/posts/post-lite-one/</link>
      <pubDate>Sun, 04 Sep 2022 00:00:00 +0000</pubDate>
      
      <guid>/posts/post-lite-one/</guid>
      <description>bau bau</description>
      
    </item>
    
  </channel>
</rss>
