<?xml version="1.0" encoding="utf-8" standalone="yes"?><rss version="2.0" xmlns:atom="http://www.w3.org/2005/Atom"><channel><title>Ens on Gray Blowfish</title><link>//localhost:1313/en/</link><description>Recent content in Ens on Gray Blowfish</description><generator>Hugo -- gohugo.io</generator><language>en</language><copyright>© 2024 Gray Blowfish</copyright><lastBuildDate>Sun, 04 Sep 2022 00:00:00 +0000</lastBuildDate><atom:link href="//localhost:1313/en/index.xml" rel="self" type="application/rss+xml"/><item><title>Super cool article that I wrote</title><link>//localhost:1313/en/posts/post-lite-one/</link><pubDate>Sun, 04 Sep 2022 00:00:00 +0000</pubDate><guid>//localhost:1313/en/posts/post-lite-one/</guid><description>Lorem ipsum dolor sit amet, consectetur adipiscing elit. Aenean in eleifend justo, vestibulum congue lacus. Quisque est libero, lacinia sed placerat ac, interdum id urna.</description></item><item><title>Super cool article that I wrote</title><link>//localhost:1313/en/posts/post-lite-three/</link><pubDate>Sun, 04 Sep 2022 00:00:00 +0000</pubDate><guid>//localhost:1313/en/posts/post-lite-three/</guid><description>Lorem ipsum dolor sit amet, consectetur adipiscing elit. Aenean in eleifend justo, vestibulum congue lacus. Quisque est libero, lacinia sed placerat ac, interdum id urna.</description></item><item><title>Super cool article that I wrote</title><link>//localhost:1313/en/posts/post-lite-two/</link><pubDate>Sun, 04 Sep 2022 00:00:00 +0000</pubDate><guid>//localhost:1313/en/posts/post-lite-two/</guid><description>Lorem ipsum dolor sit amet, consectetur adipiscing elit. Aenean in eleifend justo, vestibulum congue lacus. Quisque est libero, lacinia sed placerat ac, interdum id urna.</description></item><item><title>Super cool article that I wrote</title><link>//localhost:1313/en/posts/post-lite-four/</link><pubDate>Sat, 04 Sep 2021 00:00:00 +0000</pubDate><guid>//localhost:1313/en/posts/post-lite-four/</guid><description>Lorem ipsum dolor sit amet, consectetur adipiscing elit. Aenean in eleifend justo, vestibulum congue lacus. Quisque est libero, lacinia sed placerat ac, interdum id urna.</description></item></channel></rss>