<?xml version="1.0" encoding="utf-8" standalone="yes"?>
<rss version="2.0" xmlns:atom="http://www.w3.org/2005/Atom">
  <channel>
    <title>Categories on Gray Blowfish</title>
    <link>/pt-pt/categories/</link>
    <description>Recent content in Categories on Gray Blowfish</description>
    <generator>Hugo -- gohugo.io</generator>
    <language>pt-PT</language>
    <copyright>© 2025 Gray Blowfish</copyright>
    <lastBuildDate>Sun, 04 Sep 2022 00:00:00 +0000</lastBuildDate><atom:link href="/pt-pt/categories/index.xml" rel="self" type="application/rss+xml" />
    
    <item>
      <title>Blog</title>
      <link>/pt-pt/categories/blog/</link>
      <pubDate>Sun, 04 Sep 2022 00:00:00 +0000</pubDate>
      
      <guid>/pt-pt/categories/blog/</guid>
      <description></description>
      
    </item>
    
    <item>
      <title>Post</title>
      <link>/pt-pt/categories/post/</link>
      <pubDate>Sun, 04 Sep 2022 00:00:00 +0000</pubDate>
      
      <guid>/pt-pt/categories/post/</guid>
      <description></description>
      
    </item>
    
  </channel>
</rss>
